"","ID","attitude","time","choice_cond","Slope_Up","Slope_Down","Slope_Neutral"
"1.1",1,2.8,1,0,"Up","0","0"
"2.1",2,3.6,1,0,"0","0","Neutral"
"3.1",3,4,1,1,"Up","0","0"
"4.1",4,1,1,0,"0","0","Neutral"
"5.1",5,1,1,1,"0","0","Neutral"
"6.1",6,1,1,1,"0","0","Neutral"
"7.1",7,2.6,1,0,"Up","0","0"
"8.1",8,3.6,1,1,"0","Down","0"
"9.1",9,3.4,1,1,"0","Down","0"
"10.1",10,2.2,1,0,"Up","0","0"
"11.1",11,1,1,0,"0","0","Neutral"
"12.1",12,1,1,1,"0","0","Neutral"
"13.1",13,1.8,1,0,"0","Down","0"
"14.1",14,1.8,1,1,"0","0","Neutral"
"15.1",15,1.2,1,1,"0","0","Neutral"
"16.1",16,1,1,0,"0","0","Neutral"
"17.1",17,3.8,1,1,"Up","0","0"
"18.1",18,2.8,1,1,"0","0","Neutral"
"19.1",19,2,1,1,"0","0","Neutral"
"20.1",20,3.8,1,1,"Up","0","0"
"21.1",21,2.6,1,0,"0","0","Neutral"
"22.1",22,3,1,0,"Up","0","0"
"23.1",23,1.8,1,0,"0","0","Neutral"
"24.1",24,1.6,1,0,"0","0","Neutral"
"25.1",25,3,1,1,"Up","0","0"
"26.1",26,3.6,1,1,"0","Down","0"
"27.1",27,2.8,1,1,"0","0","Neutral"
"28.1",28,1,1,0,"Up","0","0"
"29.1",29,1,1,1,"0","0","Neutral"
"30.1",30,3.4,1,0,"0","0","Neutral"
"31.1",31,2.8,1,1,"0","0","Neutral"
"32.1",32,2.6,1,1,"Up","0","0"
"33.1",33,1.8,1,1,"Up","0","0"
"34.1",34,3.8,1,0,"Up","0","0"
"35.1",35,2,1,1,"Up","0","0"
"36.1",36,3.4,1,0,"Up","0","0"
"37.1",37,2.2,1,0,"0","0","Neutral"
"38.1",38,3.2,1,0,"0","Down","0"
"39.1",39,2.2,1,0,"Up","0","0"
"40.1",40,2.2,1,1,"0","0","Neutral"
"41.1",41,3,1,1,"Up","0","0"
"42.1",42,1,1,1,"0","0","Neutral"
"43.1",43,2.2,1,0,"Up","0","0"
"44.1",44,1.6,1,0,"Up","0","0"
"45.1",45,1,1,0,"0","0","Neutral"
"46.1",46,1,1,1,"0","0","Neutral"
"47.1",47,1.8,1,0,"Up","0","0"
"48.1",48,3.4,1,0,"0","0","Neutral"
"49.1",49,1.8,1,1,"0","0","Neutral"
"50.1",50,2.2,1,0,"Up","0","0"
"51.1",51,2,1,1,"0","0","Neutral"
"52.1",52,3.8,1,1,"Up","0","0"
"53.1",53,1,1,1,"0","0","Neutral"
"54.1",54,1.6,1,0,"Up","0","0"
"55.1",55,2.4,1,1,"Up","0","0"
"56.1",56,1.4,1,1,"Up","0","0"
"57.1",57,1.6,1,1,"0","0","Neutral"
"58.1",58,3,1,0,"0","Down","0"
"59.1",59,3.4,1,0,"Up","0","0"
"60.1",60,1.2,1,0,"0","0","Neutral"
"61.1",61,3.6,1,0,"Up","0","0"
"62.1",62,3.6,1,1,"0","Down","0"
"63.1",63,4,1,0,"Up","0","0"
"64.1",64,3,1,1,"Up","0","0"
"65.1",65,1.4,1,1,"Up","0","0"
"66.1",66,3,1,0,"Up","0","0"
"67.1",67,1.4,1,1,"Up","0","0"
"68.1",68,4,1,1,"0","Down","0"
"69.1",69,2.4,1,1,"0","0","Neutral"
"70.1",70,1,1,1,"0","0","Neutral"
"71.1",71,3.2,1,0,"0","Down","0"
"72.1",72,3.6,1,1,"0","Down","0"
"73.1",73,2.6,1,0,"0","0","Neutral"
"74.1",74,3.4,1,1,"0","0","Neutral"
"75.1",75,2.6,1,1,"0","0","Neutral"
"76.1",76,3.6,1,1,"0","0","Neutral"
"77.1",77,3,1,0,"Up","0","0"
"78.1",78,3,1,1,"Up","0","0"
"79.1",79,2.4,1,0,"0","0","Neutral"
"80.1",80,2.2,1,0,"0","Down","0"
"81.1",81,1,1,0,"0","0","Neutral"
"82.1",82,2.6,1,0,"Up","0","0"
"83.1",83,1,1,0,"0","0","Neutral"
"84.1",84,3.8,1,0,"0","0","Neutral"
"85.1",85,3.6,1,1,"Up","0","0"
"86.1",86,1.8,1,0,"0","0","Neutral"
"87.1",87,1,1,0,"0","0","Neutral"
"88.1",88,3.8,1,1,"0","0","Neutral"
"89.1",89,2.6,1,1,"0","0","Neutral"
"90.1",90,2,1,1,"0","0","Neutral"
"91.1",91,2.8,1,1,"0","0","Neutral"
"92.1",92,3.2,1,0,"0","0","Neutral"
"93.1",93,2.4,1,1,"Up","0","0"
"94.1",94,2.4,1,1,"0","Down","0"
"95.1",95,2.6,1,0,"0","0","Neutral"
"96.1",96,1,1,1,"0","0","Neutral"
"97.1",97,2.2,1,0,"0","Down","0"
"98.1",98,1.4,1,0,"Up","0","0"
"99.1",99,1,1,1,"0","0","Neutral"
"100.1",100,1.4,1,0,"0","0","Neutral"
"101.1",101,2.8,1,1,"0","Down","0"
"102.1",102,2,1,1,"0","0","Neutral"
"103.1",103,3.6,1,0,"Up","0","0"
"104.1",104,2.6,1,0,"0","Down","0"
"105.1",105,1.6,1,0,"0","0","Neutral"
"106.1",106,1.6,1,0,"0","Down","0"
"107.1",107,2.8,1,0,"0","0","Neutral"
"108.1",108,2.8,1,0,"0","0","Neutral"
"109.1",109,3.8,1,1,"Up","0","0"
"110.1",110,3.8,1,0,"0","Down","0"
"111.1",111,2.8,1,0,"Up","0","0"
"112.1",112,1,1,1,"0","0","Neutral"
"113.1",113,1.8,1,1,"0","0","Neutral"
"114.1",114,2.6,1,1,"0","0","Neutral"
"115.1",115,2.8,1,0,"0","0","Neutral"
"116.1",116,2.2,1,1,"Up","0","0"
"117.1",117,1,1,1,"0","0","Neutral"
"118.1",118,3.6,1,0,"Up","0","0"
"119.1",119,1.8,1,1,"0","0","Neutral"
"120.1",120,1,1,1,"0","0","Neutral"
"121.1",121,2.8,1,0,"Up","0","0"
"122.1",122,2.8,1,0,"Up","0","0"
"123.1",123,1.8,1,0,"0","0","Neutral"
"124.1",124,4,1,1,"Up","0","0"
"125.1",125,2.8,1,1,"Up","0","0"
"126.1",126,2.4,1,1,"Up","0","0"
"127.1",127,1.2,1,1,"Up","0","0"
"128.1",128,2.4,1,0,"0","0","Neutral"
"129.1",129,3.6,1,0,"Up","0","0"
"130.1",130,1.8,1,1,"Up","0","0"
"131.1",131,1.8,1,1,"0","0","Neutral"
"132.1",132,1.2,1,1,"0","0","Neutral"
"133.1",133,4.4,1,0,"Up","0","0"
"134.1",134,2.2,1,0,"0","0","Neutral"
"135.1",135,1.8,1,1,"Up","0","0"
"136.1",136,3.2,1,0,"Up","0","0"
"137.1",137,1.6,1,1,"0","Down","0"
"138.1",138,1,1,0,"0","0","Neutral"
"139.1",139,1,1,1,"0","0","Neutral"
"140.1",140,1,1,0,"0","0","Neutral"
"141.1",141,3.6,1,0,"Up","0","0"
"142.1",142,2,1,0,"0","0","Neutral"
"143.1",143,3.4,1,0,"Up","0","0"
"144.1",144,1,1,0,"Up","0","0"
"145.1",145,2.8,1,1,"Up","0","0"
"146.1",146,4.4,1,1,"Up","0","0"
"147.1",147,2.4,1,1,"Up","0","0"
"148.1",148,3,1,0,"Up","0","0"
"149.1",149,1,1,1,"0","0","Neutral"
"150.1",150,1.8,1,0,"0","0","Neutral"
"151.1",151,1.4,1,0,"Up","0","0"
"152.1",152,1.6,1,1,"0","0","Neutral"
"153.1",153,2.2,1,0,"0","Down","0"
"154.1",154,3.6,1,1,"0","0","Neutral"
"155.1",155,2.6,1,0,"Up","0","0"
"156.1",156,2,1,1,"Up","0","0"
"157.1",157,2.4,1,0,"Up","0","0"
"158.1",158,3,1,1,"Up","0","0"
"159.1",159,3,1,1,"0","Down","0"
"160.1",160,1,1,0,"Up","0","0"
"161.1",161,2,1,0,"Up","0","0"
"162.1",162,2,1,1,"Up","0","0"
"163.1",163,3.2,1,1,"Up","0","0"
"164.1",164,3.4,1,1,"0","0","Neutral"
"165.1",165,1.8,1,0,"0","Down","0"
"166.1",166,2.4,1,1,"0","Down","0"
"167.1",167,3.6,1,0,"Up","0","0"
"168.1",168,2,1,1,"Up","0","0"
"169.1",169,1.8,1,0,"Up","0","0"
"170.1",170,1.6,1,1,"0","Down","0"
"171.1",171,3,1,0,"0","0","Neutral"
"172.1",172,2,1,0,"0","0","Neutral"
"173.1",173,1.4,1,0,"0","0","Neutral"
"174.1",174,3.2,1,0,"Up","0","0"
"175.1",175,1.4,1,1,"0","Down","0"
"176.1",176,1.6,1,0,"0","0","Neutral"
"177.1",177,2,1,1,"Up","0","0"
"178.1",178,3,1,0,"Up","0","0"
"179.1",179,1.6,1,1,"0","0","Neutral"
"180.1",180,2.8,1,1,"Up","0","0"
"181.1",181,2.4,1,0,"Up","0","0"
"182.1",182,2.6,1,0,"Up","0","0"
"183.1",183,3.4,1,1,"0","Down","0"
"184.1",184,2.8,1,1,"Up","0","0"
"185.1",185,1.6,1,0,"0","0","Neutral"
"186.1",186,2,1,0,"Up","0","0"
"187.1",187,1,1,1,"0","0","Neutral"
"188.1",188,1.6,1,1,"0","0","Neutral"
"189.1",189,2.6,1,0,"0","0","Neutral"
"190.1",190,2.6,1,0,"Up","0","0"
"191.1",191,3.8,1,1,"Up","0","0"
"192.1",192,1,1,0,"0","0","Neutral"
"193.1",193,3,1,1,"0","0","Neutral"
"194.1",194,3.4,1,0,"Up","0","0"
"195.1",195,2.8,1,1,"Up","0","0"
"196.1",196,1.6,1,0,"Up","0","0"
"197.1",197,2.2,1,0,"0","0","Neutral"
"198.1",198,2.8,1,1,"Up","0","0"
"199.1",199,3,1,1,"0","0","Neutral"
"200.1",200,3,1,1,"Up","0","0"
"201.1",201,2.4,1,0,"Up","0","0"
"202.1",202,3,1,0,"Up","0","0"
"203.1",203,2.4,1,0,"Up","0","0"
"204.1",204,3.4,1,1,"Up","0","0"
"205.1",205,3.6,1,0,"0","Down","0"
"206.1",206,3,1,1,"Up","0","0"
"207.1",207,3.4,1,1,"Up","0","0"
"208.1",208,2,1,1,"0","0","Neutral"
"209.1",209,2,1,1,"0","0","Neutral"
"210.1",210,1.4,1,1,"0","Down","0"
"211.1",211,2.2,1,0,"0","Down","0"
"212.1",212,2.6,1,1,"Up","0","0"
"213.1",213,1.8,1,0,"Up","0","0"
"214.1",214,3.8,1,1,"0","0","Neutral"
"215.1",215,2.8,1,0,"Up","0","0"
"216.1",216,2.6,1,0,"Up","0","0"
"217.1",217,1,1,0,"0","0","Neutral"
"218.1",218,2.4,1,1,"Up","0","0"
"219.1",219,3.4,1,1,"0","Down","0"
"220.1",220,1.2,1,0,"Up","0","0"
"221.1",221,1.4,1,0,"Up","0","0"
"222.1",222,2.8,1,0,"Up","0","0"
"223.1",223,3,1,1,"0","Down","0"
"224.1",224,2.8,1,1,"Up","0","0"
"225.1",225,4.4,1,1,"Up","0","0"
"226.1",226,2.8,1,0,"Up","0","0"
"227.1",227,2.8,1,0,"Up","0","0"
"228.1",228,2.6,1,1,"Up","0","0"
"229.1",229,1,1,0,"0","0","Neutral"
"230.1",230,2.8,1,1,"0","0","Neutral"
"231.1",231,2.2,1,0,"0","Down","0"
"232.1",232,1.2,1,1,"0","0","Neutral"
"233.1",233,3,1,1,"0","0","Neutral"
"234.1",234,3.6,1,0,"0","0","Neutral"
"235.1",235,2.6,1,0,"0","0","Neutral"
"236.1",236,3.8,1,0,"Up","0","0"
"237.1",237,3.4,1,1,"Up","0","0"
"238.1",238,1.6,1,1,"0","Down","0"
"239.1",239,3.8,1,0,"Up","0","0"
"240.1",240,1.6,1,1,"0","Down","0"
"241.1",241,1,1,0,"0","0","Neutral"
"242.1",242,1.6,1,1,"Up","0","0"
"243.1",243,1,1,0,"0","0","Neutral"
"244.1",244,1,1,0,"0","0","Neutral"
"245.1",245,4.4,1,0,"Up","0","0"
"246.1",246,2.6,1,0,"0","Down","0"
"247.1",247,3.8,1,0,"Up","0","0"
"248.1",248,1.2,1,1,"0","0","Neutral"
"249.1",249,2.4,1,0,"0","0","Neutral"
"250.1",250,2.2,1,1,"Up","0","0"
"251.1",251,1.6,1,1,"0","0","Neutral"
"252.1",252,2.4,1,0,"Up","0","0"
"253.1",253,2.8,1,1,"0","Down","0"
"254.1",254,2,1,1,"0","0","Neutral"
"255.1",255,2.6,1,0,"Up","0","0"
"256.1",256,2,1,1,"0","0","Neutral"
"257.1",257,2.4,1,0,"0","0","Neutral"
"258.1",258,3.2,1,0,"0","Down","0"
"259.1",259,1,1,1,"0","0","Neutral"
"260.1",260,2.4,1,0,"0","0","Neutral"
"261.1",261,1.8,1,1,"0","Down","0"
"262.1",262,2.6,1,0,"0","0","Neutral"
"263.1",263,2.4,1,1,"Up","0","0"
"264.1",264,1.8,1,1,"0","0","Neutral"
"265.1",265,1,1,0,"0","0","Neutral"
"266.1",266,2.8,1,0,"Up","0","0"
"267.1",267,2.8,1,1,"0","0","Neutral"
"268.1",268,1.8,1,0,"Up","0","0"
"269.1",269,1,1,1,"0","0","Neutral"
"270.1",270,1,1,0,"0","0","Neutral"
"271.1",271,4.2,1,1,"Up","0","0"
"272.1",272,3,1,1,"Up","0","0"
"273.1",273,2,1,1,"Up","0","0"
"274.1",274,2.6,1,0,"Up","0","0"
"275.1",275,2,1,1,"Up","0","0"
"276.1",276,1,1,0,"0","0","Neutral"
"277.1",277,2,1,1,"0","0","Neutral"
"278.1",278,1.6,1,1,"0","Down","0"
"279.1",279,1,1,0,"0","0","Neutral"
"280.1",280,1.2,1,0,"0","0","Neutral"
"281.1",281,2.4,1,0,"Up","0","0"
"282.1",282,2.4,1,1,"Up","0","0"
"283.1",283,2.4,1,1,"Up","0","0"
"284.1",284,2,1,0,"0","0","Neutral"
"285.1",285,3.4,1,1,"Up","0","0"
"286.1",286,1,1,0,"0","0","Neutral"
"287.1",287,1.8,1,1,"0","0","Neutral"
"288.1",288,3.2,1,0,"Up","0","0"
"289.1",289,2.8,1,1,"0","0","Neutral"
"290.1",290,1.8,1,0,"Up","0","0"
"291.1",291,3,1,1,"Up","0","0"
"292.1",292,3.6,1,1,"Up","0","0"
"293.1",293,2,1,0,"0","0","Neutral"
"294.1",294,1,1,0,"0","0","Neutral"
"295.1",295,1,1,1,"0","0","Neutral"
"296.1",296,1,1,1,"0","0","Neutral"
"297.1",297,1.2,1,0,"0","0","Neutral"
"298.1",298,2.2,1,0,"Up","0","0"
"299.1",299,2.4,1,1,"0","0","Neutral"
"300.1",300,2.4,1,0,"Up","0","0"
"301.1",301,3.2,1,0,"0","0","Neutral"
"302.1",302,2,1,1,"Up","0","0"
"303.1",303,2.8,1,1,"Up","0","0"
"304.1",304,3,1,0,"0","0","Neutral"
"305.1",305,1.6,1,1,"0","Down","0"
"306.1",306,3,1,0,"Up","0","0"
"307.1",307,3.4,1,1,"0","0","Neutral"
"308.1",308,2.6,1,1,"0","0","Neutral"
"309.1",309,1,1,1,"0","0","Neutral"
"310.1",310,2,1,0,"Up","0","0"
"311.1",311,4,1,0,"Up","0","0"
"312.1",312,3.6,1,0,"Up","0","0"
"313.1",313,2,1,0,"0","0","Neutral"
"314.1",314,2.8,1,1,"0","Down","0"
"315.1",315,1.4,1,1,"0","0","Neutral"
"316.1",316,1.8,1,0,"0","Down","0"
"317.1",317,3.4,1,0,"0","0","Neutral"
"318.1",318,3.8,1,1,"Up","0","0"
"319.1",319,1.8,1,1,"0","0","Neutral"
"320.1",320,1.8,1,1,"0","0","Neutral"
"321.1",321,1.4,1,0,"Up","0","0"
"322.1",322,1.8,1,0,"Up","0","0"
"323.1",323,2.2,1,0,"0","0","Neutral"
"324.1",324,3.2,1,1,"0","Down","0"
"325.1",325,3.4,1,0,"Up","0","0"
"326.1",326,3.6,1,1,"0","Down","0"
"327.1",327,1,1,1,"0","0","Neutral"
"328.1",328,1,1,0,"0","0","Neutral"
"329.1",329,1.4,1,1,"0","0","Neutral"
"330.1",330,1,1,0,"0","0","Neutral"
"331.1",331,4.6,1,0,"0","0","Neutral"
"332.1",332,2.4,1,1,"Up","0","0"
"333.1",333,1,1,1,"0","0","Neutral"
"334.1",334,2.6,1,0,"0","Down","0"
"335.1",335,3.2,1,1,"0","0","Neutral"
"336.1",336,2.6,1,0,"0","Down","0"
"337.1",337,2.8,1,0,"0","0","Neutral"
"338.1",338,1,1,1,"0","0","Neutral"
"339.1",339,1.4,1,0,"0","0","Neutral"
"340.1",340,1,1,0,"0","0","Neutral"
"341.1",341,3.4,1,1,"0","0","Neutral"
"342.1",342,2.2,1,1,"0","0","Neutral"
"343.1",343,2.6,1,1,"0","Down","0"
"344.1",344,1,1,0,"0","0","Neutral"
"345.1",345,3.4,1,1,"Up","0","0"
"346.1",346,3.2,1,1,"0","0","Neutral"
"347.1",347,3.8,1,0,"Up","0","0"
"348.1",348,1.6,1,0,"Up","0","0"
"349.1",349,2.8,1,0,"0","0","Neutral"
"350.1",350,1,1,1,"0","0","Neutral"
"351.1",351,1.2,1,1,"0","0","Neutral"
"352.1",352,1,1,1,"0","0","Neutral"
"353.1",353,3.6,1,0,"0","Down","0"
"354.1",354,3.8,1,0,"0","0","Neutral"
"355.1",355,4,1,1,"Up","0","0"
"356.1",356,2.2,1,1,"Up","0","0"
"357.1",357,3.2,1,0,"Up","0","0"
"358.1",358,2,1,0,"0","0","Neutral"
"359.1",359,2,1,1,"0","0","Neutral"
"360.1",360,1,1,0,"0","0","Neutral"
"361.1",361,2.8,1,1,"0","Down","0"
"362.1",362,4.2,1,0,"0","Down","0"
"363.1",363,2.4,1,1,"0","0","Neutral"
"364.1",364,3.2,1,0,"0","Down","0"
"365.1",365,1.4,1,1,"0","0","Neutral"
"366.1",366,3.6,1,0,"0","Down","0"
"367.1",367,3.4,1,1,"Up","0","0"
"368.1",368,2.6,1,1,"Up","0","0"
"369.1",369,3,1,0,"0","0","Neutral"
"370.1",370,3.4,1,0,"Up","0","0"
"371.1",371,2.6,1,1,"Up","0","0"
"372.1",372,2,1,1,"0","0","Neutral"
"373.1",373,1.8,1,0,"0","0","Neutral"
"374.1",374,1.4,1,0,"0","Down","0"
"375.1",375,3,1,1,"Up","0","0"
"376.1",376,2.4,1,1,"Up","0","0"
"377.1",377,1.6,1,0,"0","Down","0"
"378.1",378,2.6,1,0,"0","0","Neutral"
"379.1",379,2,1,1,"0","0","Neutral"
"380.1",380,3.4,1,1,"Up","0","0"
"381.1",381,3,1,0,"Up","0","0"
"382.1",382,1,1,1,"0","0","Neutral"
"383.1",383,4,1,0,"0","0","Neutral"
"384.1",384,1.6,1,1,"0","Down","0"
"385.1",385,3,1,1,"Up","0","0"
"386.1",386,3.2,1,0,"0","0","Neutral"
"387.1",387,1,1,1,"0","0","Neutral"
"388.1",388,3.2,1,0,"0","Down","0"
"389.1",389,1.4,1,0,"Up","0","0"
"390.1",390,1.8,1,1,"0","0","Neutral"
"391.1",391,1,1,1,"0","0","Neutral"
"392.1",392,2.8,1,0,"Up","0","0"
"393.1",393,1.2,1,1,"Up","0","0"
"394.1",394,1.6,1,0,"0","0","Neutral"
"395.1",395,2.6,1,1,"0","0","Neutral"
"396.1",396,2.2,1,0,"0","Down","0"
"397.1",397,2.6,1,1,"Up","0","0"
"398.1",398,3,1,0,"Up","0","0"
"399.1",399,2.6,1,1,"0","0","Neutral"
"400.1",400,2,1,0,"Up","0","0"
"401.1",401,3.6,1,1,"0","0","Neutral"
"402.1",402,2.2,1,0,"Up","0","0"
"403.1",403,3.6,1,1,"Up","0","0"
"404.1",404,3,1,0,"0","0","Neutral"
"405.1",405,2,1,1,"0","Down","0"
"406.1",406,2.4,1,0,"0","0","Neutral"
"407.1",407,1.2,1,1,"Up","0","0"
"408.1",408,3.4,1,0,"0","0","Neutral"
"409.1",409,3.2,1,1,"Up","0","0"
"410.1",410,3.6,1,0,"0","Down","0"
"411.1",411,3.2,1,1,"0","Down","0"
"412.1",412,3.4,1,0,"Up","0","0"
"413.1",413,3,1,0,"0","Down","0"
"414.1",414,1,1,1,"0","0","Neutral"
"415.1",415,1.4,1,0,"0","0","Neutral"
"416.1",416,1.4,1,1,"0","Down","0"
"417.1",417,3.6,1,1,"Up","0","0"
"418.1",418,1,1,0,"0","0","Neutral"
"419.1",419,1,1,0,"0","0","Neutral"
"420.1",420,2.8,1,1,"Up","0","0"
"421.1",421,2,1,1,"Up","0","0"
"422.1",422,2.4,1,0,"0","0","Neutral"
"423.1",423,1.8,1,0,"Up","0","0"
"424.1",424,3,1,1,"Up","0","0"
"425.1",425,2,1,1,"0","0","Neutral"
"426.1",426,1.4,1,0,"0","0","Neutral"
"427.1",427,2.6,1,0,"Up","0","0"
"428.1",428,3,1,1,"Up","0","0"
"429.1",429,3.6,1,1,"0","Down","0"
"430.1",430,1.6,1,0,"Up","0","0"
"431.1",431,2.6,1,0,"Up","0","0"
"432.1",432,2.4,1,1,"0","0","Neutral"
"433.1",433,2,1,0,"0","0","Neutral"
"434.1",434,3,1,1,"Up","0","0"
"435.1",435,4.2,1,0,"0","Down","0"
"436.1",436,4.6,1,1,"Up","0","0"
"437.1",437,3.4,1,1,"Up","0","0"
"438.1",438,2.4,1,0,"Up","0","0"
"439.1",439,4,1,0,"0","0","Neutral"
"440.1",440,4,1,1,"0","Down","0"
"441.1",441,4.6,1,1,"Up","0","0"
"442.1",442,3.6,1,0,"Up","0","0"
"443.1",443,1.6,1,1,"0","0","Neutral"
"444.1",444,4,1,0,"0","Down","0"
"445.1",445,3.8,1,1,"Up","0","0"
"446.1",446,2.4,1,1,"Up","0","0"
"447.1",447,3.4,1,0,"Up","0","0"
"448.1",448,3.6,1,1,"0","0","Neutral"
"449.1",449,5,1,0,"0","Down","0"
"450.1",450,3.8,1,1,"Up","0","0"
"451.1",451,2,1,1,"0","0","Neutral"
"452.1",452,5.2,1,0,"0","0","Neutral"
"453.1",453,3.6,1,1,"Up","0","0"
"454.1",454,4.2,1,0,"0","0","Neutral"
"455.1",455,5.4,1,1,"Up","0","0"
"456.1",456,4.6,1,0,"0","0","Neutral"
"457.1",457,3,1,0,"0","0","Neutral"
"458.1",458,4.4,1,0,"Up","0","0"
"459.1",459,4.4,1,0,"0","0","Neutral"
"460.1",460,4.4,1,1,"Up","0","0"
"461.1",461,4,1,1,"Up","0","0"
"462.1",462,4.4,1,0,"0","Down","0"
"463.1",463,4.6,1,0,"Up","0","0"
"464.1",464,2,1,0,"0","0","Neutral"
"465.1",465,4.4,1,1,"0","Down","0"
"466.1",466,3.4,1,0,"0","Down","0"
"467.1",467,4.6,1,0,"Up","0","0"
"468.1",468,4.4,1,0,"Up","0","0"
"469.1",469,4.4,1,1,"0","0","Neutral"
"470.1",470,6,1,1,"Up","0","0"
"471.1",471,4.4,1,1,"0","0","Neutral"
"472.1",472,3.6,1,1,"Up","0","0"
"473.1",473,4.4,1,1,"0","0","Neutral"
"474.1",474,4.8,1,0,"Up","0","0"
"475.1",475,3.8,1,0,"0","0","Neutral"
"476.1",476,5.2,1,1,"0","0","Neutral"
"477.1",477,3.8,1,1,"Up","0","0"
"478.1",478,3.4,1,1,"Up","0","0"
"479.1",479,4.6,1,1,"Up","0","0"
"480.1",480,3.8,1,0,"0","0","Neutral"
"481.1",481,3.8,1,0,"Up","0","0"
"482.1",482,3.8,1,1,"0","0","Neutral"
"483.1",483,3.8,1,0,"Up","0","0"
"484.1",484,4,1,1,"0","0","Neutral"
"485.1",485,2.6,1,0,"0","Down","0"
"486.1",486,4.6,1,0,"0","0","Neutral"
"487.1",487,4.6,1,0,"Up","0","0"
"488.1",488,5,1,0,"0","Down","0"
"489.1",489,4.8,1,1,"0","Down","0"
"490.1",490,4.6,1,0,"Up","0","0"
"491.1",491,4.8,1,1,"Up","0","0"
"492.1",492,2.8,1,1,"0","0","Neutral"
"493.1",493,4.2,1,0,"Up","0","0"
"494.1",494,3.4,1,0,"Up","0","0"
"495.1",495,4,1,1,"0","0","Neutral"
"496.1",496,3.4,1,0,"Up","0","0"
"497.1",497,3.2,1,1,"Up","0","0"
"498.1",498,4.2,1,0,"0","0","Neutral"
"499.1",499,2.8,1,0,"Up","0","0"
"500.1",500,4.2,1,1,"0","0","Neutral"
"501.1",501,4,1,0,"Up","0","0"
"502.1",502,5,1,0,"Up","0","0"
"503.1",503,2.6,1,1,"0","0","Neutral"
"504.1",504,5.6,1,1,"0","0","Neutral"
"505.1",505,6,1,1,"0","0","Neutral"
"506.1",506,4.4,1,0,"Up","0","0"
"507.1",507,3,1,1,"Up","0","0"
"508.1",508,4.2,1,1,"Up","0","0"
"509.1",509,3.4,1,0,"Up","0","0"
"510.1",510,5.6,1,0,"0","Down","0"
"511.1",511,3.2,1,0,"0","Down","0"
"512.1",512,4.2,1,0,"Up","0","0"
"513.1",513,6,1,1,"0","0","Neutral"
"514.1",514,2.6,1,1,"Up","0","0"
"515.1",515,4.8,1,0,"Up","0","0"
"516.1",516,5.4,1,0,"0","0","Neutral"
"517.1",517,4.6,1,1,"0","Down","0"
"518.1",518,4.8,1,0,"Up","0","0"
"519.1",519,4.6,1,1,"Up","0","0"
"520.1",520,3.2,1,1,"0","Down","0"
"521.1",521,3.6,1,1,"0","Down","0"
"522.1",522,5.6,1,0,"Up","0","0"
"523.1",523,3.6,1,1,"Up","0","0"
"524.1",524,4.6,1,1,"0","0","Neutral"
"525.1",525,1,1,1,"0","0","Neutral"
"526.1",526,4,1,0,"Up","0","0"
"527.1",527,5.4,1,1,"0","Down","0"
"528.1",528,5,1,0,"Up","0","0"
"529.1",529,2.6,1,0,"0","0","Neutral"
"530.1",530,5.8,1,0,"0","0","Neutral"
"531.1",531,5.2,1,1,"Up","0","0"
"532.1",532,4,1,1,"Up","0","0"
"533.1",533,4.2,1,1,"0","0","Neutral"
"534.1",534,3.2,1,0,"Up","0","0"
"535.1",535,2.6,1,0,"Up","0","0"
"536.1",536,4,1,1,"0","0","Neutral"
"537.1",537,4.8,1,0,"Up","0","0"
"538.1",538,2.8,1,1,"0","Down","0"
"539.1",539,3.8,1,0,"Up","0","0"
"540.1",540,5.4,1,1,"Up","0","0"
"541.1",541,4,1,1,"Up","0","0"
"542.1",542,3.4,1,0,"Up","0","0"
"543.1",543,4.6,1,1,"Up","0","0"
"544.1",544,1.6,1,1,"Up","0","0"
"545.1",545,5.8,1,0,"0","0","Neutral"
"546.1",546,4,1,0,"Up","0","0"
"547.1",547,4.4,1,1,"0","0","Neutral"
"548.1",548,4.6,1,0,"Up","0","0"
"549.1",549,4.2,1,1,"Up","0","0"
"550.1",550,5,1,1,"Up","0","0"
"551.1",551,4,1,0,"0","0","Neutral"
"552.1",552,3.8,1,0,"0","0","Neutral"
"553.1",553,4.4,1,0,"0","Down","0"
"554.1",554,4.4,1,0,"Up","0","0"
"555.1",555,4.6,1,0,"Up","0","0"
"556.1",556,4.6,1,0,"0","0","Neutral"
"557.1",557,3.8,1,0,"Up","0","0"
"558.1",558,3.4,1,0,"Up","0","0"
"559.1",559,4.2,1,0,"Up","0","0"
"560.1",560,3.8,1,0,"0","0","Neutral"
"561.1",561,4.8,1,1,"0","0","Neutral"
"562.1",562,3.8,1,1,"0","0","Neutral"
"563.1",563,5,1,0,"0","0","Neutral"
"564.1",564,4.2,1,1,"Up","0","0"
"565.1",565,4.4,1,0,"0","0","Neutral"
"566.1",566,2.8,1,1,"0","0","Neutral"
"567.1",567,3.8,1,1,"0","0","Neutral"
"568.1",568,4.2,1,1,"0","Down","0"
"569.1",569,3.8,1,0,"Up","0","0"
"570.1",570,4.4,1,1,"Up","0","0"
"571.1",571,2.6,1,0,"0","0","Neutral"
"572.1",572,3.4,1,0,"0","Down","0"
"573.1",573,4.2,1,1,"Up","0","0"
"574.1",574,3.6,1,0,"0","0","Neutral"
"575.1",575,3.2,1,0,"Up","0","0"
"576.1",576,3.4,1,0,"Up","0","0"
"577.1",577,5.8,1,1,"Up","0","0"
"578.1",578,5,1,1,"0","0","Neutral"
"579.1",579,4.4,1,0,"Up","0","0"
"580.1",580,3.8,1,1,"Up","0","0"
"581.1",581,5.2,1,1,"0","Down","0"
"582.1",582,4.6,1,1,"Up","0","0"
"583.1",583,4,1,1,"Up","0","0"
"584.1",584,4,1,0,"Up","0","0"
"585.1",585,2.6,1,0,"0","0","Neutral"
"586.1",586,4,1,1,"Up","0","0"
"587.1",587,3.2,1,1,"0","0","Neutral"
"588.1",588,3.6,1,0,"0","0","Neutral"
"589.1",589,5.6,1,0,"Up","0","0"
"590.1",590,4.4,1,0,"Up","0","0"
"591.1",591,3.6,1,1,"0","0","Neutral"
"592.1",592,4.6,1,0,"Up","0","0"
"593.1",593,5.2,1,1,"0","Down","0"
"594.1",594,2.2,1,0,"Up","0","0"
"595.1",595,4,1,1,"Up","0","0"
"596.1",596,4.2,1,1,"Up","0","0"
"597.1",597,3.4,1,0,"Up","0","0"
"598.1",598,3.8,1,0,"Up","0","0"
"599.1",599,5.4,1,1,"Up","0","0"
"600.1",600,3.6,1,1,"0","0","Neutral"
"601.1",601,5.6,1,0,"0","Down","0"
"602.1",602,3,1,0,"Up","0","0"
"603.1",603,4.4,1,1,"0","0","Neutral"
"604.1",604,4.4,1,0,"0","0","Neutral"
"605.1",605,2.6,1,0,"0","0","Neutral"
"606.1",606,3.6,1,0,"0","0","Neutral"
"607.1",607,2.4,1,0,"0","0","Neutral"
"608.1",608,1,1,1,"0","0","Neutral"
"609.1",609,3,1,1,"0","0","Neutral"
"610.1",610,4.6,1,0,"Up","0","0"
"611.1",611,5,1,0,"Up","0","0"
"612.1",612,3.6,1,0,"0","0","Neutral"
"613.1",613,5.4,1,1,"Up","0","0"
"614.1",614,3.4,1,1,"0","0","Neutral"
"615.1",615,3.6,1,0,"0","Down","0"
"616.1",616,4.2,1,1,"Up","0","0"
"617.1",617,4.2,1,0,"Up","0","0"
"618.1",618,3.6,1,1,"0","0","Neutral"
"619.1",619,2.2,1,1,"Up","0","0"
"620.1",620,4.8,1,0,"Up","0","0"
"621.1",621,4.2,1,1,"Up","0","0"
"622.1",622,4.4,1,0,"Up","0","0"
"623.1",623,3.8,1,1,"Up","0","0"
"624.1",624,3.6,1,1,"0","0","Neutral"
"625.1",625,3.4,1,1,"Up","0","0"
"626.1",626,3.6,1,1,"Up","0","0"
"627.1",627,4,1,0,"0","0","Neutral"
"628.1",628,5,1,0,"Up","0","0"
"629.1",629,4,1,1,"0","0","Neutral"
"630.1",630,3.8,1,1,"Up","0","0"
"631.1",631,2.8,1,0,"Up","0","0"
"632.1",632,5,1,1,"0","0","Neutral"
"633.1",633,3.8,1,0,"Up","0","0"
"634.1",634,4.4,1,0,"0","0","Neutral"
"635.1",635,5.4,1,0,"0","0","Neutral"
"636.1",636,3.4,1,1,"0","0","Neutral"
"637.1",637,4.8,1,0,"Up","0","0"
"638.1",638,4.6,1,0,"Up","0","0"
"639.1",639,2.6,1,1,"0","0","Neutral"
"640.1",640,2.4,1,1,"Up","0","0"
"641.1",641,3.6,1,1,"0","0","Neutral"
"642.1",642,4.6,1,0,"Up","0","0"
"643.1",643,4.2,1,1,"Up","0","0"
"644.1",644,4.2,1,0,"Up","0","0"
"645.1",645,3.8,1,1,"0","0","Neutral"
"646.1",646,3.6,1,0,"0","0","Neutral"
"647.1",647,4,1,1,"Up","0","0"
"648.1",648,5.4,1,0,"0","0","Neutral"
"649.1",649,3.8,1,0,"Up","0","0"
"650.1",650,4.2,1,1,"0","Down","0"
"651.1",651,4,1,0,"Up","0","0"
"652.1",652,4.8,1,0,"Up","0","0"
"653.1",653,4,1,1,"Up","0","0"
"654.1",654,5.2,1,1,"Up","0","0"
"655.1",655,2.6,1,1,"Up","0","0"
"656.1",656,4.4,1,0,"0","0","Neutral"
"657.1",657,3,1,0,"Up","0","0"
"658.1",658,4.8,1,0,"Up","0","0"
"659.1",659,4.8,1,0,"Up","0","0"
"660.1",660,4,1,1,"0","0","Neutral"
"661.1",661,3.4,1,1,"0","Down","0"
"662.1",662,3.4,1,0,"0","0","Neutral"
"663.1",663,3,1,1,"Up","0","0"
"664.1",664,3.2,1,0,"0","0","Neutral"
"665.1",665,4.2,1,1,"Up","0","0"
"666.1",666,3.6,1,0,"Up","0","0"
"667.1",667,4.4,1,1,"0","Down","0"
"668.1",668,5.2,1,0,"Up","0","0"
"669.1",669,4.8,1,1,"0","0","Neutral"
"670.1",670,3.4,1,0,"Up","0","0"
"671.1",671,5.2,1,0,"Up","0","0"
"672.1",672,3.4,1,1,"Up","0","0"
"673.1",673,4,1,1,"0","0","Neutral"
"674.1",674,5,1,1,"Up","0","0"
"675.1",675,5.4,1,1,"Up","0","0"
"676.1",676,5.8,1,0,"0","0","Neutral"
"677.1",677,3.8,1,1,"Up","0","0"
"678.1",678,4.8,1,0,"Up","0","0"
"679.1",679,4.8,1,1,"Up","0","0"
"680.1",680,2.8,1,1,"0","Down","0"
"681.1",681,4,1,0,"Up","0","0"
"682.1",682,4.6,1,1,"Up","0","0"
"683.1",683,3,1,0,"0","0","Neutral"
"684.1",684,5,1,0,"0","0","Neutral"
"685.1",685,4.2,1,0,"Up","0","0"
"686.1",686,3.6,1,0,"Up","0","0"
"687.1",687,2.8,1,0,"Up","0","0"
"688.1",688,4.6,1,1,"0","0","Neutral"
"689.1",689,3.4,1,1,"Up","0","0"
"690.1",690,1.6,1,1,"0","0","Neutral"
"691.1",691,3.8,1,1,"0","0","Neutral"
"692.1",692,5.2,1,0,"Up","0","0"
"693.1",693,3.6,1,1,"Up","0","0"
"694.1",694,2.8,1,0,"Up","0","0"
"695.1",695,4.2,1,1,"Up","0","0"
"696.1",696,4.2,1,0,"0","0","Neutral"
"697.1",697,4.6,1,1,"Up","0","0"
"698.1",698,3.2,1,0,"0","0","Neutral"
"699.1",699,5.6,1,1,"Up","0","0"
"700.1",700,2,1,0,"Up","0","0"
"701.1",701,1.8,1,0,"0","0","Neutral"
"702.1",702,3,1,0,"Up","0","0"
"703.1",703,4,1,1,"0","0","Neutral"
"704.1",704,5.4,1,1,"Up","0","0"
"705.1",705,2.6,1,0,"Up","0","0"
"706.1",706,5,1,1,"Up","0","0"
"707.1",707,3.2,1,1,"Up","0","0"
"708.1",708,5,1,1,"Up","0","0"
"709.1",709,4,1,0,"Up","0","0"
"710.1",710,5.4,1,1,"0","0","Neutral"
"711.1",711,4.4,1,0,"0","Down","0"
"712.1",712,5,1,0,"Up","0","0"
"713.1",713,5.4,1,1,"Up","0","0"
"714.1",714,3.8,1,0,"Up","0","0"
"715.1",715,5.8,1,1,"Up","0","0"
"716.1",716,2.6,1,1,"0","0","Neutral"
"1.2",1,4.2,2,0,"Up","0","0"
"2.2",2,3.6,2,0,"0","0","Neutral"
"3.2",3,4.4,2,1,"Up","0","0"
"4.2",4,1.2,2,0,"0","0","Neutral"
"5.2",5,1,2,1,"0","0","Neutral"
"6.2",6,1,2,1,"0","0","Neutral"
"7.2",7,3,2,0,"Up","0","0"
"8.2",8,3.4,2,1,"0","Down","0"
"9.2",9,3,2,1,"0","Down","0"
"10.2",10,2.8,2,0,"Up","0","0"
"11.2",11,1,2,0,"0","0","Neutral"
"12.2",12,1,2,1,"0","0","Neutral"
"13.2",13,1.2,2,0,"0","Down","0"
"14.2",14,1.8,2,1,"0","0","Neutral"
"15.2",15,1,2,1,"0","0","Neutral"
"16.2",16,1,2,0,"0","0","Neutral"
"17.2",17,4.8,2,1,"Up","0","0"
"18.2",18,2.6,2,1,"0","0","Neutral"
"19.2",19,1.8,2,1,"0","0","Neutral"
"20.2",20,4.6,2,1,"Up","0","0"
"21.2",21,2.6,2,0,"0","0","Neutral"
"22.2",22,3.8,2,0,"Up","0","0"
"23.2",23,1.8,2,0,"0","0","Neutral"
"24.2",24,1.6,2,0,"0","0","Neutral"
"25.2",25,3.8,2,1,"Up","0","0"
"26.2",26,3.4,2,1,"0","Down","0"
"27.2",27,2.8,2,1,"0","0","Neutral"
"28.2",28,4.8,2,0,"Up","0","0"
"29.2",29,1,2,1,"0","0","Neutral"
"30.2",30,3.4,2,0,"0","0","Neutral"
"31.2",31,2.6,2,1,"0","0","Neutral"
"32.2",32,3,2,1,"Up","0","0"
"33.2",33,2.6,2,1,"Up","0","0"
"34.2",34,4,2,0,"Up","0","0"
"35.2",35,2.2,2,1,"Up","0","0"
"36.2",36,3.8,2,0,"Up","0","0"
"37.2",37,2.4,2,0,"0","0","Neutral"
"38.2",38,3,2,0,"0","Down","0"
"39.2",39,2.6,2,0,"Up","0","0"
"40.2",40,2.2,2,1,"0","0","Neutral"
"41.2",41,3.6,2,1,"Up","0","0"
"42.2",42,1,2,1,"0","0","Neutral"
"43.2",43,3.2,2,0,"Up","0","0"
"44.2",44,2,2,0,"Up","0","0"
"45.2",45,1,2,0,"0","0","Neutral"
"46.2",46,1,2,1,"0","0","Neutral"
"47.2",47,3.2,2,0,"Up","0","0"
"48.2",48,3.4,2,0,"0","0","Neutral"
"49.2",49,1.6,2,1,"0","0","Neutral"
"50.2",50,2.6,2,0,"Up","0","0"
"51.2",51,2,2,1,"0","0","Neutral"
"52.2",52,4,2,1,"Up","0","0"
"53.2",53,1,2,1,"0","0","Neutral"
"54.2",54,2.8,2,0,"Up","0","0"
"55.2",55,4.4,2,1,"Up","0","0"
"56.2",56,1.6,2,1,"Up","0","0"
"57.2",57,1.6,2,1,"0","0","Neutral"
"58.2",58,2.6,2,0,"0","Down","0"
"59.2",59,3.8,2,0,"Up","0","0"
"60.2",60,1.2,2,0,"0","0","Neutral"
"61.2",61,4.8,2,0,"Up","0","0"
"62.2",62,3.4,2,1,"0","Down","0"
"63.2",63,4.2,2,0,"Up","0","0"
"64.2",64,4.4,2,1,"Up","0","0"
"65.2",65,1.6,2,1,"Up","0","0"
"66.2",66,3.6,2,0,"Up","0","0"
"67.2",67,1.6,2,1,"Up","0","0"
"68.2",68,3.8,2,1,"0","Down","0"
"69.2",69,2.4,2,1,"0","0","Neutral"
"70.2",70,1,2,1,"0","0","Neutral"
"71.2",71,2.2,2,0,"0","Down","0"
"72.2",72,2.4,2,1,"0","Down","0"
"73.2",73,2.8,2,0,"0","0","Neutral"
"74.2",74,3.4,2,1,"0","0","Neutral"
"75.2",75,2.8,2,1,"0","0","Neutral"
"76.2",76,3.8,2,1,"0","0","Neutral"
"77.2",77,3.6,2,0,"Up","0","0"
"78.2",78,3.6,2,1,"Up","0","0"
"79.2",79,2.4,2,0,"0","0","Neutral"
"80.2",80,1.8,2,0,"0","Down","0"
"81.2",81,1,2,0,"0","0","Neutral"
"82.2",82,3.4,2,0,"Up","0","0"
"83.2",83,1,2,0,"0","0","Neutral"
"84.2",84,3.8,2,0,"0","0","Neutral"
"85.2",85,4.8,2,1,"Up","0","0"
"86.2",86,1.8,2,0,"0","0","Neutral"
"87.2",87,1,2,0,"0","0","Neutral"
"88.2",88,3.8,2,1,"0","0","Neutral"
"89.2",89,2.8,2,1,"0","0","Neutral"
"90.2",90,2,2,1,"0","0","Neutral"
"91.2",91,2.8,2,1,"0","0","Neutral"
"92.2",92,3.4,2,0,"0","0","Neutral"
"93.2",93,2.6,2,1,"Up","0","0"
"94.2",94,2,2,1,"0","Down","0"
"95.2",95,2.6,2,0,"0","0","Neutral"
"96.2",96,1,2,1,"0","0","Neutral"
"97.2",97,2,2,0,"0","Down","0"
"98.2",98,1.6,2,0,"Up","0","0"
"99.2",99,1,2,1,"0","0","Neutral"
"100.2",100,1.2,2,0,"0","0","Neutral"
"101.2",101,1.6,2,1,"0","Down","0"
"102.2",102,2,2,1,"0","0","Neutral"
"103.2",103,4.8,2,0,"Up","0","0"
"104.2",104,2.4,2,0,"0","Down","0"
"105.2",105,1.6,2,0,"0","0","Neutral"
"106.2",106,1,2,0,"0","Down","0"
"107.2",107,2.8,2,0,"0","0","Neutral"
"108.2",108,2.8,2,0,"0","0","Neutral"
"109.2",109,5,2,1,"Up","0","0"
"110.2",110,3,2,0,"0","Down","0"
"111.2",111,3.6,2,0,"Up","0","0"
"112.2",112,1,2,1,"0","0","Neutral"
"113.2",113,1.8,2,1,"0","0","Neutral"
"114.2",114,2.8,2,1,"0","0","Neutral"
"115.2",115,2.8,2,0,"0","0","Neutral"
"116.2",116,2.8,2,1,"Up","0","0"
"117.2",117,1,2,1,"0","0","Neutral"
"118.2",118,5.2,2,0,"Up","0","0"
"119.2",119,1.6,2,1,"0","0","Neutral"
"120.2",120,1,2,1,"0","0","Neutral"
"121.2",121,4.6,2,0,"Up","0","0"
"122.2",122,4.6,2,0,"Up","0","0"
"123.2",123,2,2,0,"0","0","Neutral"
"124.2",124,4.8,2,1,"Up","0","0"
"125.2",125,3.4,2,1,"Up","0","0"
"126.2",126,3,2,1,"Up","0","0"
"127.2",127,4.4,2,1,"Up","0","0"
"128.2",128,2.4,2,0,"0","0","Neutral"
"129.2",129,4.4,2,0,"Up","0","0"
"130.2",130,3.4,2,1,"Up","0","0"
"131.2",131,1.8,2,1,"0","0","Neutral"
"132.2",132,1.4,2,1,"0","0","Neutral"
"133.2",133,5.2,2,0,"Up","0","0"
"134.2",134,2.2,2,0,"0","0","Neutral"
"135.2",135,2.8,2,1,"Up","0","0"
"136.2",136,4.2,2,0,"Up","0","0"
"137.2",137,1.4,2,1,"0","Down","0"
"138.2",138,1,2,0,"0","0","Neutral"
"139.2",139,1,2,1,"0","0","Neutral"
"140.2",140,1,2,0,"0","0","Neutral"
"141.2",141,4,2,0,"Up","0","0"
"142.2",142,2,2,0,"0","0","Neutral"
"143.2",143,3.8,2,0,"Up","0","0"
"144.2",144,2,2,0,"Up","0","0"
"145.2",145,3.2,2,1,"Up","0","0"
"146.2",146,5.6,2,1,"Up","0","0"
"147.2",147,4.6,2,1,"Up","0","0"
"148.2",148,3.6,2,0,"Up","0","0"
"149.2",149,1,2,1,"0","0","Neutral"
"150.2",150,1.8,2,0,"0","0","Neutral"
"151.2",151,1.6,2,0,"Up","0","0"
"152.2",152,1.8,2,1,"0","0","Neutral"
"153.2",153,1.8,2,0,"0","Down","0"
"154.2",154,3.8,2,1,"0","0","Neutral"
"155.2",155,3.4,2,0,"Up","0","0"
"156.2",156,2.4,2,1,"Up","0","0"
"157.2",157,4,2,0,"Up","0","0"
"158.2",158,3.2,2,1,"Up","0","0"
"159.2",159,2.8,2,1,"0","Down","0"
"160.2",160,1.4,2,0,"Up","0","0"
"161.2",161,2.2,2,0,"Up","0","0"
"162.2",162,2.6,2,1,"Up","0","0"
"163.2",163,4,2,1,"Up","0","0"
"164.2",164,3.2,2,1,"0","0","Neutral"
"165.2",165,1.4,2,0,"0","Down","0"
"166.2",166,2,2,1,"0","Down","0"
"167.2",167,4.6,2,0,"Up","0","0"
"168.2",168,3.2,2,1,"Up","0","0"
"169.2",169,2.4,2,0,"Up","0","0"
"170.2",170,1,2,1,"0","Down","0"
"171.2",171,3,2,0,"0","0","Neutral"
"172.2",172,1.8,2,0,"0","0","Neutral"
"173.2",173,1.4,2,0,"0","0","Neutral"
"174.2",174,4.6,2,0,"Up","0","0"
"175.2",175,1,2,1,"0","Down","0"
"176.2",176,1.6,2,0,"0","0","Neutral"
"177.2",177,2.6,2,1,"Up","0","0"
"178.2",178,3.6,2,0,"Up","0","0"
"179.2",179,1.8,2,1,"0","0","Neutral"
"180.2",180,5.8,2,1,"Up","0","0"
"181.2",181,2.8,2,0,"Up","0","0"
"182.2",182,3.4,2,0,"Up","0","0"
"183.2",183,2.4,2,1,"0","Down","0"
"184.2",184,3.2,2,1,"Up","0","0"
"185.2",185,1.6,2,0,"0","0","Neutral"
"186.2",186,2.2,2,0,"Up","0","0"
"187.2",187,1,2,1,"0","0","Neutral"
"188.2",188,1.6,2,1,"0","0","Neutral"
"189.2",189,2.6,2,0,"0","0","Neutral"
"190.2",190,3.4,2,0,"Up","0","0"
"191.2",191,4.2,2,1,"Up","0","0"
"192.2",192,1,2,0,"0","0","Neutral"
"193.2",193,3,2,1,"0","0","Neutral"
"194.2",194,4.4,2,0,"Up","0","0"
"195.2",195,3.2,2,1,"Up","0","0"
"196.2",196,2.4,2,0,"Up","0","0"
"197.2",197,2.2,2,0,"0","0","Neutral"
"198.2",198,3,2,1,"Up","0","0"
"199.2",199,3,2,1,"0","0","Neutral"
"200.2",200,3.2,2,1,"Up","0","0"
"201.2",201,3.4,2,0,"Up","0","0"
"202.2",202,3.6,2,0,"Up","0","0"
"203.2",203,3,2,0,"Up","0","0"
"204.2",204,4.6,2,1,"Up","0","0"
"205.2",205,3.4,2,0,"0","Down","0"
"206.2",206,4,2,1,"Up","0","0"
"207.2",207,3.6,2,1,"Up","0","0"
"208.2",208,2,2,1,"0","0","Neutral"
"209.2",209,1.8,2,1,"0","0","Neutral"
"210.2",210,1,2,1,"0","Down","0"
"211.2",211,2,2,0,"0","Down","0"
"212.2",212,4.2,2,1,"Up","0","0"
"213.2",213,2.6,2,0,"Up","0","0"
"214.2",214,3.8,2,1,"0","0","Neutral"
"215.2",215,3,2,0,"Up","0","0"
"216.2",216,3.4,2,0,"Up","0","0"
"217.2",217,1,2,0,"0","0","Neutral"
"218.2",218,3.4,2,1,"Up","0","0"
"219.2",219,2.4,2,1,"0","Down","0"
"220.2",220,2.6,2,0,"Up","0","0"
"221.2",221,1.6,2,0,"Up","0","0"
"222.2",222,3.2,2,0,"Up","0","0"
"223.2",223,2.4,2,1,"0","Down","0"
"224.2",224,3,2,1,"Up","0","0"
"225.2",225,5,2,1,"Up","0","0"
"226.2",226,4.2,2,0,"Up","0","0"
"227.2",227,5,2,0,"Up","0","0"
"228.2",228,3.2,2,1,"Up","0","0"
"229.2",229,1,2,0,"0","0","Neutral"
"230.2",230,2.6,2,1,"0","0","Neutral"
"231.2",231,1,2,0,"0","Down","0"
"232.2",232,1,2,1,"0","0","Neutral"
"233.2",233,3,2,1,"0","0","Neutral"
"234.2",234,3.6,2,0,"0","0","Neutral"
"235.2",235,2.8,2,0,"0","0","Neutral"
"236.2",236,5.4,2,0,"Up","0","0"
"237.2",237,4,2,1,"Up","0","0"
"238.2",238,1,2,1,"0","Down","0"
"239.2",239,4,2,0,"Up","0","0"
"240.2",240,1.2,2,1,"0","Down","0"
"241.2",241,1,2,0,"0","0","Neutral"
"242.2",242,2.2,2,1,"Up","0","0"
"243.2",243,1,2,0,"0","0","Neutral"
"244.2",244,1,2,0,"0","0","Neutral"
"245.2",245,4.8,2,0,"Up","0","0"
"246.2",246,2.2,2,0,"0","Down","0"
"247.2",247,4,2,0,"Up","0","0"
"248.2",248,1,2,1,"0","0","Neutral"
"249.2",249,2.4,2,0,"0","0","Neutral"
"250.2",250,3,2,1,"Up","0","0"
"251.2",251,1.6,2,1,"0","0","Neutral"
"252.2",252,3,2,0,"Up","0","0"
"253.2",253,2.2,2,1,"0","Down","0"
"254.2",254,1.8,2,1,"0","0","Neutral"
"255.2",255,3,2,0,"Up","0","0"
"256.2",256,1.8,2,1,"0","0","Neutral"
"257.2",257,2.4,2,0,"0","0","Neutral"
"258.2",258,3,2,0,"0","Down","0"
"259.2",259,1,2,1,"0","0","Neutral"
"260.2",260,2.4,2,0,"0","0","Neutral"
"261.2",261,1,2,1,"0","Down","0"
"262.2",262,2.6,2,0,"0","0","Neutral"
"263.2",263,4,2,1,"Up","0","0"
"264.2",264,1.8,2,1,"0","0","Neutral"
"265.2",265,1,2,0,"0","0","Neutral"
"266.2",266,3.2,2,0,"Up","0","0"
"267.2",267,2.8,2,1,"0","0","Neutral"
"268.2",268,2.4,2,0,"Up","0","0"
"269.2",269,1,2,1,"0","0","Neutral"
"270.2",270,1,2,0,"0","0","Neutral"
"271.2",271,5,2,1,"Up","0","0"
"272.2",272,3.6,2,1,"Up","0","0"
"273.2",273,2.8,2,1,"Up","0","0"
"274.2",274,3.2,2,0,"Up","0","0"
"275.2",275,2.8,2,1,"Up","0","0"
"276.2",276,1,2,0,"0","0","Neutral"
"277.2",277,2,2,1,"0","0","Neutral"
"278.2",278,1.4,2,1,"0","Down","0"
"279.2",279,1,2,0,"0","0","Neutral"
"280.2",280,1.2,2,0,"0","0","Neutral"
"281.2",281,2.6,2,0,"Up","0","0"
"282.2",282,3.8,2,1,"Up","0","0"
"283.2",283,3.6,2,1,"Up","0","0"
"284.2",284,2,2,0,"0","0","Neutral"
"285.2",285,4.2,2,1,"Up","0","0"
"286.2",286,1,2,0,"0","0","Neutral"
"287.2",287,1.8,2,1,"0","0","Neutral"
"288.2",288,4,2,0,"Up","0","0"
"289.2",289,2.6,2,1,"0","0","Neutral"
"290.2",290,2.2,2,0,"Up","0","0"
"291.2",291,3.2,2,1,"Up","0","0"
"292.2",292,4.2,2,1,"Up","0","0"
"293.2",293,1.8,2,0,"0","0","Neutral"
"294.2",294,1.2,2,0,"0","0","Neutral"
"295.2",295,1,2,1,"0","0","Neutral"
"296.2",296,1,2,1,"0","0","Neutral"
"297.2",297,1.2,2,0,"0","0","Neutral"
"298.2",298,4,2,0,"Up","0","0"
"299.2",299,2.2,2,1,"0","0","Neutral"
"300.2",300,3.4,2,0,"Up","0","0"
"301.2",301,3.2,2,0,"0","0","Neutral"
"302.2",302,4.2,2,1,"Up","0","0"
"303.2",303,3.4,2,1,"Up","0","0"
"304.2",304,3,2,0,"0","0","Neutral"
"305.2",305,1,2,1,"0","Down","0"
"306.2",306,3.4,2,0,"Up","0","0"
"307.2",307,3.4,2,1,"0","0","Neutral"
"308.2",308,2.6,2,1,"0","0","Neutral"
"309.2",309,1,2,1,"0","0","Neutral"
"310.2",310,2.2,2,0,"Up","0","0"
"311.2",311,4.6,2,0,"Up","0","0"
"312.2",312,4.2,2,0,"Up","0","0"
"313.2",313,2,2,0,"0","0","Neutral"
"314.2",314,2.4,2,1,"0","Down","0"
"315.2",315,1.4,2,1,"0","0","Neutral"
"316.2",316,1,2,0,"0","Down","0"
"317.2",317,3.4,2,0,"0","0","Neutral"
"318.2",318,4.2,2,1,"Up","0","0"
"319.2",319,2,2,1,"0","0","Neutral"
"320.2",320,1.8,2,1,"0","0","Neutral"
"321.2",321,2,2,0,"Up","0","0"
"322.2",322,2.4,2,0,"Up","0","0"
"323.2",323,2.2,2,0,"0","0","Neutral"
"324.2",324,2,2,1,"0","Down","0"
"325.2",325,4,2,0,"Up","0","0"
"326.2",326,2.4,2,1,"0","Down","0"
"327.2",327,1,2,1,"0","0","Neutral"
"328.2",328,1,2,0,"0","0","Neutral"
"329.2",329,1.2,2,1,"0","0","Neutral"
"330.2",330,1,2,0,"0","0","Neutral"
"331.2",331,4.6,2,0,"0","0","Neutral"
"332.2",332,3.2,2,1,"Up","0","0"
"333.2",333,1,2,1,"0","0","Neutral"
"334.2",334,2.4,2,0,"0","Down","0"
"335.2",335,3.4,2,1,"0","0","Neutral"
"336.2",336,2,2,0,"0","Down","0"
"337.2",337,2.8,2,0,"0","0","Neutral"
"338.2",338,1,2,1,"0","0","Neutral"
"339.2",339,1.4,2,0,"0","0","Neutral"
"340.2",340,1,2,0,"0","0","Neutral"
"341.2",341,3.4,2,1,"0","0","Neutral"
"342.2",342,2.2,2,1,"0","0","Neutral"
"343.2",343,2.4,2,1,"0","Down","0"
"344.2",344,1,2,0,"0","0","Neutral"
"345.2",345,3.8,2,1,"Up","0","0"
"346.2",346,3.2,2,1,"0","0","Neutral"
"347.2",347,4.2,2,0,"Up","0","0"
"348.2",348,2,2,0,"Up","0","0"
"349.2",349,2.8,2,0,"0","0","Neutral"
"350.2",350,1,2,1,"0","0","Neutral"
"351.2",351,1.2,2,1,"0","0","Neutral"
"352.2",352,1,2,1,"0","0","Neutral"
"353.2",353,3.2,2,0,"0","Down","0"
"354.2",354,3.8,2,0,"0","0","Neutral"
"355.2",355,5,2,1,"Up","0","0"
"356.2",356,2.6,2,1,"Up","0","0"
"357.2",357,4.4,2,0,"Up","0","0"
"358.2",358,2,2,0,"0","0","Neutral"
"359.2",359,2,2,1,"0","0","Neutral"
"360.2",360,1,2,0,"0","0","Neutral"
"361.2",361,2.4,2,1,"0","Down","0"
"362.2",362,3.8,2,0,"0","Down","0"
"363.2",363,2.2,2,1,"0","0","Neutral"
"364.2",364,2.8,2,0,"0","Down","0"
"365.2",365,1.4,2,1,"0","0","Neutral"
"366.2",366,3.4,2,0,"0","Down","0"
"367.2",367,4.8,2,1,"Up","0","0"
"368.2",368,3.2,2,1,"Up","0","0"
"369.2",369,3,2,0,"0","0","Neutral"
"370.2",370,4.8,2,0,"Up","0","0"
"371.2",371,3,2,1,"Up","0","0"
"372.2",372,1.8,2,1,"0","0","Neutral"
"373.2",373,1.8,2,0,"0","0","Neutral"
"374.2",374,1,2,0,"0","Down","0"
"375.2",375,3.2,2,1,"Up","0","0"
"376.2",376,2.6,2,1,"Up","0","0"
"377.2",377,1.4,2,0,"0","Down","0"
"378.2",378,2.8,2,0,"0","0","Neutral"
"379.2",379,2,2,1,"0","0","Neutral"
"380.2",380,3.6,2,1,"Up","0","0"
"381.2",381,3.8,2,0,"Up","0","0"
"382.2",382,1,2,1,"0","0","Neutral"
"383.2",383,4,2,0,"0","0","Neutral"
"384.2",384,1,2,1,"0","Down","0"
"385.2",385,3.8,2,1,"Up","0","0"
"386.2",386,3.2,2,0,"0","0","Neutral"
"387.2",387,1,2,1,"0","0","Neutral"
"388.2",388,2.8,2,0,"0","Down","0"
"389.2",389,2.8,2,0,"Up","0","0"
"390.2",390,1.8,2,1,"0","0","Neutral"
"391.2",391,1,2,1,"0","0","Neutral"
"392.2",392,3,2,0,"Up","0","0"
"393.2",393,2.2,2,1,"Up","0","0"
"394.2",394,1.6,2,0,"0","0","Neutral"
"395.2",395,2.6,2,1,"0","0","Neutral"
"396.2",396,2,2,0,"0","Down","0"
"397.2",397,3.8,2,1,"Up","0","0"
"398.2",398,4.8,2,0,"Up","0","0"
"399.2",399,2.6,2,1,"0","0","Neutral"
"400.2",400,2.2,2,0,"Up","0","0"
"401.2",401,3.8,2,1,"0","0","Neutral"
"402.2",402,3.2,2,0,"Up","0","0"
"403.2",403,4.2,2,1,"Up","0","0"
"404.2",404,3,2,0,"0","0","Neutral"
"405.2",405,1.6,2,1,"0","Down","0"
"406.2",406,2.4,2,0,"0","0","Neutral"
"407.2",407,2,2,1,"Up","0","0"
"408.2",408,3.2,2,0,"0","0","Neutral"
"409.2",409,4.6,2,1,"Up","0","0"
"410.2",410,3.2,2,0,"0","Down","0"
"411.2",411,2.6,2,1,"0","Down","0"
"412.2",412,3.6,2,0,"Up","0","0"
"413.2",413,2.6,2,0,"0","Down","0"
"414.2",414,1,2,1,"0","0","Neutral"
"415.2",415,1.4,2,0,"0","0","Neutral"
"416.2",416,1,2,1,"0","Down","0"
"417.2",417,4.6,2,1,"Up","0","0"
"418.2",418,1,2,0,"0","0","Neutral"
"419.2",419,1,2,0,"0","0","Neutral"
"420.2",420,5,2,1,"Up","0","0"
"421.2",421,3,2,1,"Up","0","0"
"422.2",422,2.4,2,0,"0","0","Neutral"
"423.2",423,4.4,2,0,"Up","0","0"
"424.2",424,4.2,2,1,"Up","0","0"
"425.2",425,1.8,2,1,"0","0","Neutral"
"426.2",426,1.4,2,0,"0","0","Neutral"
"427.2",427,3,2,0,"Up","0","0"
"428.2",428,4,2,1,"Up","0","0"
"429.2",429,3.4,2,1,"0","Down","0"
"430.2",430,2.4,2,0,"Up","0","0"
"431.2",431,3,2,0,"Up","0","0"
"432.2",432,2.4,2,1,"0","0","Neutral"
"433.2",433,2,2,0,"0","0","Neutral"
"434.2",434,4.4,2,1,"Up","0","0"
"435.2",435,4,2,0,"0","Down","0"
"436.2",436,5,2,1,"Up","0","0"
"437.2",437,3.6,2,1,"Up","0","0"
"438.2",438,2.6,2,0,"Up","0","0"
"439.2",439,4,2,0,"0","0","Neutral"
"440.2",440,3.8,2,1,"0","Down","0"
"441.2",441,5.4,2,1,"Up","0","0"
"442.2",442,4.4,2,0,"Up","0","0"
"443.2",443,1.6,2,1,"0","0","Neutral"
"444.2",444,3.6,2,0,"0","Down","0"
"445.2",445,5.2,2,1,"Up","0","0"
"446.2",446,2.8,2,1,"Up","0","0"
"447.2",447,4.4,2,0,"Up","0","0"
"448.2",448,3.6,2,1,"0","0","Neutral"
"449.2",449,4.6,2,0,"0","Down","0"
"450.2",450,4.8,2,1,"Up","0","0"
"451.2",451,2,2,1,"0","0","Neutral"
"452.2",452,5.2,2,0,"0","0","Neutral"
"453.2",453,4.6,2,1,"Up","0","0"
"454.2",454,4.2,2,0,"0","0","Neutral"
"455.2",455,5.8,2,1,"Up","0","0"
"456.2",456,4.6,2,0,"0","0","Neutral"
"457.2",457,3,2,0,"0","0","Neutral"
"458.2",458,6,2,0,"Up","0","0"
"459.2",459,4.4,2,0,"0","0","Neutral"
"460.2",460,4.8,2,1,"Up","0","0"
"461.2",461,5,2,1,"Up","0","0"
"462.2",462,4.2,2,0,"0","Down","0"
"463.2",463,5.4,2,0,"Up","0","0"
"464.2",464,2,2,0,"0","0","Neutral"
"465.2",465,3.4,2,1,"0","Down","0"
"466.2",466,2.4,2,0,"0","Down","0"
"467.2",467,5,2,0,"Up","0","0"
"468.2",468,4.8,2,0,"Up","0","0"
"469.2",469,4.4,2,1,"0","0","Neutral"
"470.2",470,6.2,2,1,"Up","0","0"
"471.2",471,4.4,2,1,"0","0","Neutral"
"472.2",472,4.6,2,1,"Up","0","0"
"473.2",473,4.6,2,1,"0","0","Neutral"
"474.2",474,5,2,0,"Up","0","0"
"475.2",475,3.8,2,0,"0","0","Neutral"
"476.2",476,5.2,2,1,"0","0","Neutral"
"477.2",477,4.4,2,1,"Up","0","0"
"478.2",478,3.6,2,1,"Up","0","0"
"479.2",479,5.8,2,1,"Up","0","0"
"480.2",480,3.6,2,0,"0","0","Neutral"
"481.2",481,5,2,0,"Up","0","0"
"482.2",482,3.8,2,1,"0","0","Neutral"
"483.2",483,4.2,2,0,"Up","0","0"
"484.2",484,4,2,1,"0","0","Neutral"
"485.2",485,2,2,0,"0","Down","0"
"486.2",486,4.6,2,0,"0","0","Neutral"
"487.2",487,5.2,2,0,"Up","0","0"
"488.2",488,4.8,2,0,"0","Down","0"
"489.2",489,4.4,2,1,"0","Down","0"
"490.2",490,5,2,0,"Up","0","0"
"491.2",491,5.4,2,1,"Up","0","0"
"492.2",492,2.8,2,1,"0","0","Neutral"
"493.2",493,4.6,2,0,"Up","0","0"
"494.2",494,3.8,2,0,"Up","0","0"
"495.2",495,4,2,1,"0","0","Neutral"
"496.2",496,4.6,2,0,"Up","0","0"
"497.2",497,4,2,1,"Up","0","0"
"498.2",498,4.2,2,0,"0","0","Neutral"
"499.2",499,3,2,0,"Up","0","0"
"500.2",500,4.2,2,1,"0","0","Neutral"
"501.2",501,5,2,0,"Up","0","0"
"502.2",502,5.2,2,0,"Up","0","0"
"503.2",503,2.6,2,1,"0","0","Neutral"
"504.2",504,5.4,2,1,"0","0","Neutral"
"505.2",505,6,2,1,"0","0","Neutral"
"506.2",506,5.2,2,0,"Up","0","0"
"507.2",507,3.4,2,1,"Up","0","0"
"508.2",508,5.2,2,1,"Up","0","0"
"509.2",509,3.8,2,0,"Up","0","0"
"510.2",510,5,2,0,"0","Down","0"
"511.2",511,3,2,0,"0","Down","0"
"512.2",512,5,2,0,"Up","0","0"
"513.2",513,6,2,1,"0","0","Neutral"
"514.2",514,3.2,2,1,"Up","0","0"
"515.2",515,5.2,2,0,"Up","0","0"
"516.2",516,5.4,2,0,"0","0","Neutral"
"517.2",517,4.2,2,1,"0","Down","0"
"518.2",518,5.4,2,0,"Up","0","0"
"519.2",519,5,2,1,"Up","0","0"
"520.2",520,2.8,2,1,"0","Down","0"
"521.2",521,3.4,2,1,"0","Down","0"
"522.2",522,6,2,0,"Up","0","0"
"523.2",523,4.8,2,1,"Up","0","0"
"524.2",524,4.4,2,1,"0","0","Neutral"
"525.2",525,1,2,1,"0","0","Neutral"
"526.2",526,4.4,2,0,"Up","0","0"
"527.2",527,5.2,2,1,"0","Down","0"
"528.2",528,5.4,2,0,"Up","0","0"
"529.2",529,2.6,2,0,"0","0","Neutral"
"530.2",530,5.8,2,0,"0","0","Neutral"
"531.2",531,5.4,2,1,"Up","0","0"
"532.2",532,4.4,2,1,"Up","0","0"
"533.2",533,4.2,2,1,"0","0","Neutral"
"534.2",534,4.8,2,0,"Up","0","0"
"535.2",535,3.8,2,0,"Up","0","0"
"536.2",536,4,2,1,"0","0","Neutral"
"537.2",537,5.4,2,0,"Up","0","0"
"538.2",538,2,2,1,"0","Down","0"
"539.2",539,4.2,2,0,"Up","0","0"
"540.2",540,6,2,1,"Up","0","0"
"541.2",541,4.8,2,1,"Up","0","0"
"542.2",542,3.6,2,0,"Up","0","0"
"543.2",543,4.8,2,1,"Up","0","0"
"544.2",544,2.2,2,1,"Up","0","0"
"545.2",545,5.8,2,0,"0","0","Neutral"
"546.2",546,4.4,2,0,"Up","0","0"
"547.2",547,4.6,2,1,"0","0","Neutral"
"548.2",548,5.8,2,0,"Up","0","0"
"549.2",549,4.8,2,1,"Up","0","0"
"550.2",550,5.2,2,1,"Up","0","0"
"551.2",551,4,2,0,"0","0","Neutral"
"552.2",552,3.8,2,0,"0","0","Neutral"
"553.2",553,4.2,2,0,"0","Down","0"
"554.2",554,5.8,2,0,"Up","0","0"
"555.2",555,5.2,2,0,"Up","0","0"
"556.2",556,4.4,2,0,"0","0","Neutral"
"557.2",557,5.2,2,0,"Up","0","0"
"558.2",558,4,2,0,"Up","0","0"
"559.2",559,4.8,2,0,"Up","0","0"
"560.2",560,3.8,2,0,"0","0","Neutral"
"561.2",561,4.8,2,1,"0","0","Neutral"
"562.2",562,3.8,2,1,"0","0","Neutral"
"563.2",563,5,2,0,"0","0","Neutral"
"564.2",564,5,2,1,"Up","0","0"
"565.2",565,4.6,2,0,"0","0","Neutral"
"566.2",566,2.8,2,1,"0","0","Neutral"
"567.2",567,3.8,2,1,"0","0","Neutral"
"568.2",568,4,2,1,"0","Down","0"
"569.2",569,4,2,0,"Up","0","0"
"570.2",570,4.8,2,1,"Up","0","0"
"571.2",571,2.6,2,0,"0","0","Neutral"
"572.2",572,3,2,0,"0","Down","0"
"573.2",573,4.4,2,1,"Up","0","0"
"574.2",574,3.6,2,0,"0","0","Neutral"
"575.2",575,3.8,2,0,"Up","0","0"
"576.2",576,3.6,2,0,"Up","0","0"
"577.2",577,6,2,1,"Up","0","0"
"578.2",578,5,2,1,"0","0","Neutral"
"579.2",579,4.8,2,0,"Up","0","0"
"580.2",580,5.4,2,1,"Up","0","0"
"581.2",581,4.6,2,1,"0","Down","0"
"582.2",582,6.2,2,1,"Up","0","0"
"583.2",583,4.6,2,1,"Up","0","0"
"584.2",584,5,2,0,"Up","0","0"
"585.2",585,2.8,2,0,"0","0","Neutral"
"586.2",586,4.4,2,1,"Up","0","0"
"587.2",587,3.4,2,1,"0","0","Neutral"
"588.2",588,3.8,2,0,"0","0","Neutral"
"589.2",589,5.8,2,0,"Up","0","0"
"590.2",590,4.8,2,0,"Up","0","0"
"591.2",591,3.8,2,1,"0","0","Neutral"
"592.2",592,4.8,2,0,"Up","0","0"
"593.2",593,4.4,2,1,"0","Down","0"
"594.2",594,4,2,0,"Up","0","0"
"595.2",595,4.6,2,1,"Up","0","0"
"596.2",596,4.4,2,1,"Up","0","0"
"597.2",597,3.8,2,0,"Up","0","0"
"598.2",598,4,2,0,"Up","0","0"
"599.2",599,6.2,2,1,"Up","0","0"
"600.2",600,3.6,2,1,"0","0","Neutral"
"601.2",601,4.4,2,0,"0","Down","0"
"602.2",602,3.6,2,0,"Up","0","0"
"603.2",603,4.4,2,1,"0","0","Neutral"
"604.2",604,4.4,2,0,"0","0","Neutral"
"605.2",605,2.6,2,0,"0","0","Neutral"
"606.2",606,3.8,2,0,"0","0","Neutral"
"607.2",607,2.2,2,0,"0","0","Neutral"
"608.2",608,1,2,1,"0","0","Neutral"
"609.2",609,3,2,1,"0","0","Neutral"
"610.2",610,4.8,2,0,"Up","0","0"
"611.2",611,5.4,2,0,"Up","0","0"
"612.2",612,3.6,2,0,"0","0","Neutral"
"613.2",613,5.8,2,1,"Up","0","0"
"614.2",614,3.4,2,1,"0","0","Neutral"
"615.2",615,3.4,2,0,"0","Down","0"
"616.2",616,4.4,2,1,"Up","0","0"
"617.2",617,4.8,2,0,"Up","0","0"
"618.2",618,3.8,2,1,"0","0","Neutral"
"619.2",619,2.6,2,1,"Up","0","0"
"620.2",620,5.4,2,0,"Up","0","0"
"621.2",621,4.4,2,1,"Up","0","0"
"622.2",622,5.4,2,0,"Up","0","0"
"623.2",623,4,2,1,"Up","0","0"
"624.2",624,3.8,2,1,"0","0","Neutral"
"625.2",625,4.8,2,1,"Up","0","0"
"626.2",626,5.6,2,1,"Up","0","0"
"627.2",627,4,2,0,"0","0","Neutral"
"628.2",628,5.4,2,0,"Up","0","0"
"629.2",629,4,2,1,"0","0","Neutral"
"630.2",630,4,2,1,"Up","0","0"
"631.2",631,3.6,2,0,"Up","0","0"
"632.2",632,5,2,1,"0","0","Neutral"
"633.2",633,4,2,0,"Up","0","0"
"634.2",634,4.6,2,0,"0","0","Neutral"
"635.2",635,5.4,2,0,"0","0","Neutral"
"636.2",636,3.2,2,1,"0","0","Neutral"
"637.2",637,5.6,2,0,"Up","0","0"
"638.2",638,5.8,2,0,"Up","0","0"
"639.2",639,2.8,2,1,"0","0","Neutral"
"640.2",640,2.8,2,1,"Up","0","0"
"641.2",641,3.6,2,1,"0","0","Neutral"
"642.2",642,5.4,2,0,"Up","0","0"
"643.2",643,4.6,2,1,"Up","0","0"
"644.2",644,4.4,2,0,"Up","0","0"
"645.2",645,3.8,2,1,"0","0","Neutral"
"646.2",646,3.8,2,0,"0","0","Neutral"
"647.2",647,4.2,2,1,"Up","0","0"
"648.2",648,5.6,2,0,"0","0","Neutral"
"649.2",649,5,2,0,"Up","0","0"
"650.2",650,4,2,1,"0","Down","0"
"651.2",651,4.8,2,0,"Up","0","0"
"652.2",652,5.4,2,0,"Up","0","0"
"653.2",653,4.2,2,1,"Up","0","0"
"654.2",654,5.6,2,1,"Up","0","0"
"655.2",655,3.6,2,1,"Up","0","0"
"656.2",656,4.4,2,0,"0","0","Neutral"
"657.2",657,3.6,2,0,"Up","0","0"
"658.2",658,5,2,0,"Up","0","0"
"659.2",659,6,2,0,"Up","0","0"
"660.2",660,4,2,1,"0","0","Neutral"
"661.2",661,3,2,1,"0","Down","0"
"662.2",662,3.4,2,0,"0","0","Neutral"
"663.2",663,4.2,2,1,"Up","0","0"
"664.2",664,3.2,2,0,"0","0","Neutral"
"665.2",665,5,2,1,"Up","0","0"
"666.2",666,4.2,2,0,"Up","0","0"
"667.2",667,3.4,2,1,"0","Down","0"
"668.2",668,6.6,2,0,"Up","0","0"
"669.2",669,4.8,2,1,"0","0","Neutral"
"670.2",670,4.2,2,0,"Up","0","0"
"671.2",671,5.8,2,0,"Up","0","0"
"672.2",672,4.8,2,1,"Up","0","0"
"673.2",673,4,2,1,"0","0","Neutral"
"674.2",674,5.2,2,1,"Up","0","0"
"675.2",675,6.2,2,1,"Up","0","0"
"676.2",676,5.8,2,0,"0","0","Neutral"
"677.2",677,4.6,2,1,"Up","0","0"
"678.2",678,5.2,2,0,"Up","0","0"
"679.2",679,5,2,1,"Up","0","0"
"680.2",680,2.4,2,1,"0","Down","0"
"681.2",681,4.4,2,0,"Up","0","0"
"682.2",682,5.6,2,1,"Up","0","0"
"683.2",683,3,2,0,"0","0","Neutral"
"684.2",684,5,2,0,"0","0","Neutral"
"685.2",685,4.4,2,0,"Up","0","0"
"686.2",686,4.4,2,0,"Up","0","0"
"687.2",687,3.6,2,0,"Up","0","0"
"688.2",688,4.4,2,1,"0","0","Neutral"
"689.2",689,4,2,1,"Up","0","0"
"690.2",690,1.6,2,1,"0","0","Neutral"
"691.2",691,3.6,2,1,"0","0","Neutral"
"692.2",692,6,2,0,"Up","0","0"
"693.2",693,6.2,2,1,"Up","0","0"
"694.2",694,4,2,0,"Up","0","0"
"695.2",695,5.2,2,1,"Up","0","0"
"696.2",696,4.2,2,0,"0","0","Neutral"
"697.2",697,5.4,2,1,"Up","0","0"
"698.2",698,3.2,2,0,"0","0","Neutral"
"699.2",699,5.8,2,1,"Up","0","0"
"700.2",700,3,2,0,"Up","0","0"
"701.2",701,2,2,0,"0","0","Neutral"
"702.2",702,3.8,2,0,"Up","0","0"
"703.2",703,4,2,1,"0","0","Neutral"
"704.2",704,6.2,2,1,"Up","0","0"
"705.2",705,3.2,2,0,"Up","0","0"
"706.2",706,5.4,2,1,"Up","0","0"
"707.2",707,3.8,2,1,"Up","0","0"
"708.2",708,5.2,2,1,"Up","0","0"
"709.2",709,4.2,2,0,"Up","0","0"
"710.2",710,5.6,2,1,"0","0","Neutral"
"711.2",711,4.2,2,0,"0","Down","0"
"712.2",712,6.2,2,0,"Up","0","0"
"713.2",713,6.2,2,1,"Up","0","0"
"714.2",714,4.4,2,0,"Up","0","0"
"715.2",715,6.2,2,1,"Up","0","0"
"716.2",716,2.6,2,1,"0","0","Neutral"
